{"cameraMode":{"drawMode":0,"name":"Shaded","section":"Shading Mode"},"sceneLighting":true,"audioPlay":false,"sceneViewState":{"showFog":true,"showMaterialUpdate":false,"showSkybox":false,"showFlares":true,"showImageEffects":true,"showParticleSystems":true},"in2DMode":false,"pivot":{"x":-2.8224241733551027,"y":4.6977949142456059,"z":20.719669342041017},"rotation":{"x":0.04047811031341553,"y":-0.0024015482049435379,"z":-0.00009760118700796738,"w":-0.9991775751113892},"size":78.4104232788086,"orthographic":false}